Start Date,End Date,Start Time,End Time,hours,kWh T,kWh D,kWh/day,pt,pt/hr,pt/day,pt/kWh,kWh/pt,L/kWh,Setting RH,Actual RH,Notes
,,,,9.05,,,,12,1.326,31.82,,,,,,"At 40% r.h. On high, with w.h. Working."
08/01/12,8/2/2012,6:30:00 PM,8:30:00 PM,14,0.33,0.33,0.57,0.5,0.036,0.86,1.52,0.660,0.717,45.000,40.000,"Below, have air-sealed the basement, so the humidity load is much lower than previous years. Here, I get about 7.3 L/day H2O, before, estimated 11.4 L/day"
06/29/13,,7:00:00 AM,,23.04,10.26,10.26,10.69,16.4,0.712,17.08,1.60,0.626,0.756,,45,
06/30/13,,8:30:00 AM,,48.38,19.86,9.6,9.85,16.4,0.647,15.53,1.71,0.585,0.808,,45,
07/01/13,,7:30:00 AM,,71.4,29.07,9.21,9.77,16.4,0.712,17.10,1.78,0.562,0.842,,45,
07/02/13,,12:31:00 PM,,88.42,37.71,8.64,10.24,16.4,0.964,23.13,1.90,0.527,0.898,,47,
07/03/13,,9:00:00 AM,,121,44.9,7.19,8.91,16.4,0.503,12.08,2.28,0.438,1.079,,44,
07/04/13,,7:30:00 AM,,143,46.96,9.25,7.88,16.4,0.745,17.89,1.77,0.564,0.839,,40,
07/08/13,,10:35:00 PM,,254,79.91,8.2375,7.55,16.4,0.148,3.55,1.99,0.502,0.942,,47,
07/09/13,,11:45:00 PM,,279,89.4,9.49,7.69,16.4,0.656,15.74,1.73,0.579,0.817,,47,
07/11/13,,11:27:00 PM,,327,97.4,8,7.15,16.4,0.342,8.20,2.05,0.488,0.970,,46,
07/13/13,,3:41:00 PM,,367,107,9.6,7.00,16.4,0.410,9.84,1.71,0.585,0.808,,44,
07/14/13,,10:48:00 PM,,399,117,10,7.04,16.4,0.513,12.30,1.64,0.610,0.776,,46,
07/15/13,,7:00:00 AM,,431,126,9,7.02,16.4,0.513,12.30,1.82,0.549,0.862,,46,
07/17/13,,7:55:00 AM,,456,135,9,7.11,16.4,0.656,15.74,1.82,0.549,0.862,,46,
07/18/13,,8:40:00 AM,,480,142,7,7.10,16.4,0.683,16.40,2.34,0.427,1.108,,48,
07/19/13,,8:00:00 AM,,504,149,7,7.10,16.4,0.683,16.40,2.34,0.427,1.108,,48,
07/20/13,,4:00:00 PM,,536,157,8,7.03,16.4,0.513,12.30,2.05,0.488,0.970,,48,
07/21/13,,11:06:00 PM,,567,164,7,6.94,16.4,0.529,12.70,2.34,0.427,1.108,,49,
07/22/13,,6:25:00 PM,,586,172,8,7.04,16.4,0.863,20.72,2.05,0.488,0.970,,47,
07/23/13,,8:08:00 AM,,600,180,8,7.20,16.4,1.171,28.11,2.05,0.488,0.970,,41,
07/24/13,,7:49:00 AM,,624,189,9,7.27,16.4,0.683,16.40,1.82,0.549,0.862,,46,
07/25/13,,8:23:00 AM,,648,197,8,7.30,16.4,0.683,16.40,2.05,0.488,0.970,,48,
07/27/13,,3:45:00 PM,,704,206,9,7.02,16.4,0.293,7.03,1.82,0.549,0.862,,48,
07/30/13,,7:04:00 AM,,767,213,7,6.66,16.4,0.260,6.25,2.34,0.427,1.108,,48,
07/31/13,,8:12:00 AM,,792,222,9,6.73,16.4,0.656,15.74,1.82,0.549,0.862,,43,
08/01/13,,9:09:00 AM,,817,232,10,6.82,16.4,0.656,15.74,1.64,0.610,0.776,,41,
08/02/13,,11:00:00 PM,,855,244,12,6.85,16.4,0.432,10.36,1.37,0.732,0.646,,43,
08/03/13,,11:23:00 PM,,879,254,10,6.94,16.4,0.683,16.40,1.64,0.610,0.776,,38,
08/04/13,,12:41:00 PM,,892,262,8,7.05,16.4,1.262,30.28,2.05,0.488,0.970,,37,
08/21/13,,4:51:00 AM,,1293,263,,4.88,16.4,0.041,0.98,,,,,44,
08/22/13,,6:08:00 AM,,1318,263,0,4.79,16.4,0.656,15.74,,,,,44,
08/22/13,,10:41:00 PM,,1335,273,10,4.91,16.4,0.965,23.15,1.64,0.610,0.776,,40,
08/25/13,,7:36:00 AM,,1391,282,9,4.87,16.4,0.293,7.03,1.82,0.549,0.862,,46,
08/26/13,,6:51:00 AM,,1415,291,9,4.94,16.4,0.683,16.40,1.82,0.549,0.862,,46,
08/27/13,,7:16:00 AM,,1439,299,8,4.99,16.4,0.683,16.40,2.05,0.488,0.970,,45,
08/29/13,,8:27:00 AM,,1488,308,9,4.97,16.4,0.335,8.03,1.82,0.549,0.862,,48,
08/30/13,,10:00:00 PM,,1526,317,9,4.99,16.4,0.432,10.36,1.82,0.549,0.862,,48,
08/31/13,,6:30:00 PM,,,,,,,,,,,,,,
09/01/13,,6:30:00 PM,,,,,,,,,,,,,,
09/02/13,,6:30:00 PM,,,,,,,,,,,,,,
09/03/13,,6:30:00 PM,,,,,,,,,,,,,,
09/04/13,,6:30:00 PM,,,,,,,,,,,,,,
09/05/13,,6:30:00 PM,,,,,,,,,,,,,,
09/06/13,,6:30:00 PM,,,,,,,,,,,,,,
09/07/13,,6:30:00 PM,,,,,,,,,,,,,,
09/08/13,,6:30:00 PM,,,,,,,,,,,,,,
09/09/13,,6:30:00 PM,,,,,,,,,,,,,,
09/10/13,,6:30:00 PM,,,,,,,,,,,,,,
09/11/13,,6:30:00 PM,,,,,,,,,,,,,,
09/12/13,,6:30:00 PM,,,,,,,,,,,,,,
09/13/13,,6:30:00 PM,,,,,,,,,,,,,,
09/14/13,,6:30:00 PM,,,,,,,,,,,,,,
09/15/13,,6:30:00 PM,,,,,,,,,,,,,,
09/16/13,,6:30:00 PM,,,,,,,,,,,,,,
09/17/13,,6:30:00 PM,,,,,,,,,,,,,,
09/18/13,,6:30:00 PM,,,,,,,,,,,,,,
09/19/13,,6:30:00 PM,,,,,,,,,,,,,,
09/20/13,,6:30:00 PM,,,,,,,,,,,,,,
09/21/13,,6:30:00 PM,,,,,,,,,,,,,,
09/22/13,,6:30:00 PM,,,,,,,,,,,,,,
09/23/13,,6:30:00 PM,,,,,,,,,,,,,,
09/12/14,,11:47:00 PM,,,,,,,,,,,,con. Run,50,
09/13/14,,12:03:00 PM,,23.5,7.71,7.71,7.87,16.4,0.698,16.74,2.13,0.470,1.006,con. Run,39,
09/14/14,,11:00:00 AM,,24.0,,,,16.4,0.685,16.43,,,,con. Run,49,
09/15/14,,08:22:00 AM,,23.9,8.84,8.84,8.88,16.4,0.686,16.48,1.86,0.539,0.878,con. Run,46,
09/16/14,,09:01:00 AM,,24.0,18.81,9.97,9.96,16.4,0.683,16.38,1.64,0.608,0.778,con. Run,46,
09/18/14,,06:00:00 PM,,48.4,,,,16.4,0.339,8.14,,,,con. Run,47,
09/19/14,,06:34:00 AM,,23.5,,,,16.4,0.697,16.73,,,,con. Run,58,
09/20/14,,09:41:00 PM,,24.6,9.54,9.54,9.30,16.4,0.666,15.98,1.72,0.470,0.813,con. Run,48,
09/21/14,,11:45:00 AM,,23.6,18.14,8.6,8.75,16.4,0.695,16.69,1.91,0.524,0.902,con. Run,40,
09/22/14,,07:25:00 AM,,23.8,25.92,7.78,7.84,16.4,0.689,16.52,2.11,0.474,0.997,con. Run,45,
09/23/14,,09:33:00 PM,,24.6,36.06,10.14,9.90,16.4,0.667,16.01,1.62,0.618,0.765,con. Run,45,
09/24/14,,07:08:00 PM,,23.9,48.32,12.26,12.31,16.4,0.686,16.47,1.34,0.748,0.633,con. Run,40,
09/26/14,,10:40:00 PM,,,,,,,,,,,,,,
09/28/14,,08:15:00 PM,,47.9,10.66,10.66,5.34,16.4,0.342,8.22,1.54,0.650,0.728,2hr on/ 2 hr off,54,
09/30/14,,06:20:00 PM,,47.9,20.15,9.49,4.75,16.4,0.342,8.21,1.73,0.579,0.817,2hr on/ 2 hr off,47,
10/02/14,,07:13:00 AM,,47.5,29.62,9.47,4.78,16.4,0.345,8.28,1.73,0.577,0.819,2hr on/ 2 hr off,45,
10/04/14,,08:40:00 AM,,48.1,40.25,10.63,5.31,16.4,0.341,8.19,1.54,0.648,0.730,2hr on/ 2 hr off,47,
10/06/14,,07:00:00 AM,,47.9,51.64,11.39,5.70,16.4,0.342,8.21,1.44,0.695,0.681,2hr on/ 2 hr off,44,
10/08/14,,08:37:00 AM,,48.1,63.36,11.72,5.85,16.4,0.341,8.19,1.40,0.715,0.662,2hr on/ 2 hr off,45,
10/10/14,,10:30:00 PM,,48.6,74.94,11.58,5.72,16.4,0.338,8.10,1.42,0.706,0.670,2hr on/ 2 hr off,49,
10/13/14,,11:38:00 PM,,72.0,86.51,11.57,3.85,16.4,0.228,5.46,1.42,0.705,0.670,2hr on/ 2 hr off,47,
10/15/14,,07:04:00 PM,,47.8,98.11,11.6,5.82,16.4,0.343,8.23,1.41,0.707,0.669,2hr on/ 2 hr off,44,
10/17/14,,07:36:00 PM,,48.0,109,10.89,5.44,16.4,0.342,8.20,1.51,0.664,0.712,2hr on/ 2 hr off,44,
10/19/14,,09:37:00 PM,,48.1,120,11,5.49,16.4,0.341,8.19,1.49,0.671,0.705,2hr on/ 2 hr off,,
10/21/14,,10:11:00 PM,,48.0,133,13,6.50,16.4,0.341,8.20,1.26,0.793,0.597,2hr on/ 2 hr off,,
06/15/16,,07:14:00 AM,,33.3,8.48,8.48,6.11,16.4,0.492,11.81,1.93,0.517,0.915,2hr on/ 2 hr off,,
06/17/16,,08:52:00 PM,,61.8,17.33,8.85,3.44,16.4,0.265,6.37,1.85,0.540,0.877,,,
06/19/16,,02:00:00 PM,,,,,,,,,,,,,,
06/20/16,,01:07:00 PM,,71.7,33.1,15.77,5.28,32.8,0.458,10.98,2.08,0.481,0.984,,,
06/21/16,,09:04:00 PM,,24.3,41.19,8.09,7.98,16.4,0.674,16.18,2.03,0.493,0.959,,,
06/22/16,,09:27:00 PM,,24.0,48.41,7.22,7.22,16.4,0.683,16.39,2.27,0.440,1.074,,,
06/23/16,,09:27:00 PM,,24.0,55.95,7.54,7.54,16.4,0.683,16.40,2.18,0.460,1.029,,,
06/27/16,,11:48:00 PM,,96.1,63.3,7.35,1.84,16.4,0.171,4.10,2.23,0.448,1.055,,,
06/28/16,,08:06:00 PM,,23.8,70.29,6.99,7.04,16.4,0.688,16.51,2.35,0.426,1.110,,,
06/29/16,,09:39:00 PM,,24.1,76.74,6.45,6.43,16.4,0.681,16.36,2.54,0.393,1.203,,,
06/30/16,,07:25:00 PM,,23.9,84.15,7.41,7.44,16.4,0.686,16.46,2.21,0.452,1.047,,,
07/01/16,,03:37:00 PM,,23.8,91.91,7.76,7.81,16.4,0.688,16.51,2.11,0.473,1.000,,,
07/03/16,,10:42:00 PM,,48.3,99.89,7.98,3.97,16.4,0.340,8.15,2.06,0.487,0.972,,,
07/04/16,,09:00:00 PM,,23.9,107,7.11,7.13,16.4,0.685,16.45,2.31,0.434,1.091,,,
07/05/16,,08:26:00 PM,,24.0,115,8,8.01,16.4,0.684,16.42,2.05,0.488,0.970,,,
07/07/16,,08:34:00 AM,,48.0,123,8,4.00,16.4,0.342,8.20,2.05,0.488,0.970,,,
07/08/16,,08:40:00 AM,,24.0,130,7,7.00,16.4,0.683,16.40,2.34,0.427,1.108,,,
07/09/16,,01:00:00 PM,,24.2,137,7,6.95,16.4,0.678,16.28,2.34,0.427,1.108,,,
07/10/16,,06:56:00 AM,,23.7,145,8,8.09,16.4,0.691,16.57,2.05,0.488,0.970,,,
07/11/16,,12:22:00 PM,,24.2,152,7,6.93,16.4,0.677,16.25,2.34,0.427,1.108,,,
07/12/16,,06:58:00 AM,,23.8,159,7,7.07,16.4,0.690,16.56,2.34,0.427,1.108,,,
07/13/16,,08:50:00 AM,,24.1,167,8,7.97,16.4,0.681,16.35,2.05,0.488,0.970,,,
07/14/16,,06:10:00 AM,,23.9,174,7,7.03,16.4,0.687,16.48,2.34,0.427,1.108,,,
07/15/16,,07:49:00 AM,,24.1,182,8,7.98,16.4,0.681,16.35,2.05,0.488,0.970,,,
07/15/16,,11:23:00 PM,,15.5,189,7,10.84,16.4,1.058,25.39,2.34,0.427,1.108,,,
07/17/16,,08:00:00 AM,,47.4,196,7,3.55,16.4,0.346,8.31,2.34,0.427,1.108,,,
07/17/16,,09:20:00 PM,,13.3,203,7,12.63,16.4,1.233,29.59,2.34,0.427,1.108,,,
07/18/16,,10:09:00 PM,,24.0,211,8,7.99,16.4,0.682,16.38,2.05,0.488,0.970,,,
07/19/16,,09:20:00 PM,,24.0,218,7,7.01,16.4,0.684,16.42,2.34,0.427,1.108,,,
07/21/16,,12:15:00 AM,,47.1,226,8,4.07,16.4,0.348,8.35,2.05,0.488,0.970,,,
07/21/16,,07:39:00 PM,,19.4,233,7,8.66,16.4,0.845,20.29,2.34,0.427,1.108,,,
07/22/16,,05:44:00 PM,,23.9,241,8,8.03,16.4,0.686,16.45,2.05,0.488,0.970,,,
07/23/16,,12:53:00 PM,,23.8,248,7,7.06,16.4,0.689,16.54,2.34,0.427,1.108,,,
07/31/16,,07:23:00 PM,,192.3,256,8,1.00,16.4,0.085,2.05,2.05,0.488,0.970,,,
08/01/16,,07:35:00 AM,,23.5,262,6,6.13,16.4,0.698,16.74,2.73,0.366,1.293,,,
08/02/16,,06:12:00 AM,,23.9,269,7,7.02,16.4,0.685,16.44,2.34,0.427,1.108,,,
08/02/16,,11:00:00 PM,,16.8,276,7,10.03,16.4,0.979,23.50,2.34,0.427,1.108,,,
09/03/18,,03:27:00 PM,,,61.51,,,,,,,,,,,
09/04/18,,02:57:00 PM,,24.0,68.4,6.89,6.90,16.4,0.684,16.41,2.38,0.420,1.126,,,
09/08/18,,07:40:00 AM,,95.7,,,,,,,,,,,,
09/08/18,,09:30:00 PM,,0.6,,,,,,,,,,,,
09/09/18,,05:30:00 PM,,23.8,,,,,,,,,,,,
09/10/18,,07:03:00 AM,,23.6,,,,,,,,,,,,
09/10/18,,02:07:00 PM,,0.3,,,,,,,,,,,,
09/13/18,,06:08:00 AM,,71.7,,,,,,,,,,,,
09/15/18,,09:30:00 AM,,48.1,,,,,,,,,,,,
09/17/18,,11:17:00 AM,,48.1,,,,,,,,,,,,
09/18/18,,09:50:00 PM,,24.4,,,,,,,,,,,,
09/19/18,,08:00:00 PM,,23.9,,,,,,,,,,,,
09/21/18,,07:44:00 AM,,47.5,,,,,,,,,,,,
09/22/18,,07:11:00 AM,,24.0,,,,,,,,,,,,
09/23/18,,10:00:00 PM,,24.6,,,,,,,,,,,,
09/24/18,,11:00:00 PM,,24.0,,,,,,,,,,,,
09/26/18,,09:00:00 PM,,47.9,,,,,,,,,,,,
09/27/18,,11:00:00 PM,,24.1,,,,,,,,,,,,
09/29/18,,07:04:00 AM,,47.3,,,,,,,,,,,,
09/30/18,,,,,,,,,,,,,,,,
10/03/18,,,,,,,,,,,,,,,,
10/05/18,,,,,,,,,,,,,,,,
10/06/18,,,,,,,,,,,,,,,,
10/07/18,,,,,,,,,,,,,,,,
10/13/18,,,,,,,,,,,,,,,,
10/24/18,,,,,,,,,,,,,,,,
10/28/18,,,,,,,,,,,,,,,,
11/01/18,,,,,,,,,,,,,,,,
11/04/18,,,,,,,,,,,,,,,,
11/19/18,,,,,,,,,,,,,,,,
04/23/19,,10:12:00 PM,,,9.85,9.85,,16.4,,,1.66,,0.788,,,
04/26/19,,08:54:00 AM,,71.4,19.9,10.05,3.38,16.4,0.230,5.51,1.63,0.613,0.772,,,
04/28/19,,08:43:00 AM,,48.0,8.55,8.55,4.28,16.4,0.342,8.20,1.92,0.521,0.907,,,
05/02/19,,06:00:00 PM,,96.4,20,11.45,2.85,16.4,0.170,4.08,1.43,0.698,0.677,,,
05/05/19,,08:56:00 AM,,71.6,30.4,10.4,3.48,16.4,0.229,5.50,1.58,0.634,0.746,,,
05/06/19,,10:21:00 PM,,24.6,40.3,9.9,9.67,16.4,0.668,16.03,1.66,0.604,0.784,,,
05/08/19,,09:04:00 AM,,47.4,50.9,10.6,5.36,16.4,0.346,8.30,1.55,0.646,0.732,,,
05/11/19,,06:03:00 PM,,72.4,61.8,10.9,3.61,16.4,0.227,5.44,1.50,0.665,0.712,,,
05/13/19,,10:00:00 PM,,48.2,71.5,9.7,4.83,16.4,0.340,8.17,1.69,0.591,0.800,,,
05/15/19,,07:19:00 PM,,47.9,80.6,9.1,4.56,16.4,0.342,8.22,1.80,0.555,0.852,,,
05/18/19,,07:56:00 AM,,71.5,90.3,9.7,3.25,16.4,0.229,5.50,1.69,0.591,0.800,,,
05/19/19,,10:29:00 PM,,24.6,98.5,8.2,8.00,16.4,0.666,16.00,2.00,0.500,0.946,,,
05/20/19,,09:34:00 PM,,24.0,106,7.5,7.51,16.4,0.684,16.43,2.19,0.457,1.034,,,
05/23/19,,10:29:00 PM,,72.0,,,,16.4,0.228,5.46,,,,,,
05/25/19,,09:43:00 AM,,47.5,9.5,9.5,4.80,16.4,0.345,8.29,1.73,0.579,0.817,,,
05/27/19,,11:22:00 AM,,48.1,18.8,9.3,4.64,16.4,0.341,8.19,1.76,0.567,0.834,,,
05/28/19,,06:30:00 PM,,24.3,26.3,7.5,7.41,16.4,0.675,16.20,2.19,0.457,1.034,,,
05/29/19,,04:29:00 PM,,23.9,34,7.7,7.73,16.4,0.686,16.46,2.13,0.470,1.007,,,
05/30/19,,10:54:00 PM,,24.3,42.4,8.4,8.31,16.4,0.676,16.22,1.95,0.512,0.923,,,
06/03/19,,06:03:00 PM,,95.8,51.4,9,2.25,16.4,0.171,4.11,1.82,0.549,0.862,,,
06/05/19,,06:40:00 PM,,48.0,59.1,7.7,3.85,16.4,0.341,8.20,2.13,0.470,1.007,,,
06/07/19,,06:01:00 PM,,48.0,68,8.9,4.45,16.4,0.342,8.20,1.84,0.543,0.872,,,
06/08/19,,08:46:00 PM,,24.1,75.5,7.5,7.46,16.4,0.680,16.32,2.19,0.457,1.034,,,
06/09/19,,09:55:00 PM,,24.0,83.8,8.3,8.28,16.4,0.682,16.37,1.98,0.506,0.935,,,
06/11/19,,12:36:00 PM,,47.6,92.6,8.8,4.44,16.4,0.344,8.27,1.86,0.537,0.882,,,
06/17/19,,07:18:00 AM,,143.8,100,7.4,1.24,16.4,0.114,2.74,2.22,0.451,1.048,,,
06/18/19,,11:13:00 PM,,24.7,108,8,7.78,16.4,0.665,15.96,2.05,0.488,0.970,,,
06/20/19,,09:56:00 PM,,47.9,116,8,4.00,16.4,0.342,8.21,2.05,0.488,0.970,,,
06/21/19,,05:10:00 PM,,23.8,124,8,8.07,16.4,0.689,16.54,2.05,0.488,0.970,,,
06/23/19,,09:48:00 AM,,47.7,134,10,5.03,16.4,0.344,8.25,1.64,0.610,0.776,,,
06/27/19,,10:44:00 PM,,96.5,143,9,2.24,16.4,0.170,4.08,1.82,0.549,0.862,,,
06/28/19,,10:51:00 PM,,24.0,151,8,8.00,16.4,0.683,16.40,2.05,0.488,0.970,,,
06/30/19,,12:21:00 AM,,47.1,158,7,3.57,16.4,0.348,8.36,2.34,0.427,1.108,,,
07/01/19,,10:32:00 PM,,24.9,166,8,7.70,16.4,0.658,15.79,2.05,0.488,0.970,,,
07/03/19,,11:12:00 PM,,48.0,175,9,4.50,16.4,0.341,8.20,1.82,0.549,0.862,,,
07/04/19,,09:11:00 PM,,23.9,183,8,8.03,16.4,0.686,16.46,2.05,0.488,0.970,,,
07/06/19,,07:03:00 AM,,47.4,191,8,4.05,16.4,0.346,8.30,2.05,0.488,0.970,,,
07/07/19,,07:00:00 AM,,24.0,199,8,8.00,16.4,0.683,16.40,2.05,0.488,0.970,,,
07/08/19,,02:00:00 PM,,24.3,208,9,8.89,16.4,0.675,16.20,1.82,0.549,0.862,,,
07/09/19,,11:00:00 PM,,24.4,217,9,8.86,16.4,0.673,16.15,1.82,0.549,0.862,,,
07/11/19,,07:13:00 AM,,47.3,225,8,4.06,16.4,0.346,8.31,2.05,0.488,0.970,,,
07/12/19,,11:08:00 PM,,24.7,234,9,8.76,16.4,0.665,15.96,1.82,0.549,0.862,,,
07/15/19,,11:05:00 PM,,72.0,243,9,3.00,16.4,0.228,5.47,1.82,0.549,0.862,,,
07/19/19,,10:17:00 PM,,96.0,250,7,1.75,16.4,0.171,4.10,2.34,0.427,1.108,,,
07/20/19,,02:13:00 PM,,23.7,,,,16.4,0.693,16.63,,,,,,
07/21/19,,01:45:00 PM,,24.0,12,12,12.01,16.4,0.684,16.41,1.37,0.732,0.646,,,
07/26/19,,,,,,,,16.4,,,,,,,,
08/05/19,,,,404,36,36,2.14,16.4,0.041,0.97,0.46,2.195,0.215,,,
08/08/19,,11:02:00 PM,,,58.4,22.4,,16.4,,,,,,,,
08/14/19,,09:15:00 PM,,143.9,75,16.6,2.77,16.4,0.114,2.73,0.99,1.012,0.467,,,
08/16/19,,12:01:00 PM,,47.6,,,0.00,16.4,0.344,8.27,,,,,,
08/19/19,,12:01:00 PM,,72.0,,,0.00,16.4,0.228,5.47,,,,,,
08/23/19,,02:00:00 PM,,96.1,,,0.00,16.4,0.171,4.10,,,,,,
08/25/19,,12:01:00 PM,,47.9,,,0.00,16.4,0.342,8.21,,,,,,
08/27/19,,12:01:00 PM,,48.0,,,0.00,16.4,0.342,8.20,,,,,,
08/30/19,,12:01:00 PM,,72.0,,,0.00,16.4,0.228,5.47,,,,,,
09/02/19,,12:01:00 PM,,72.0,,,0.00,16.4,0.228,5.47,,,,,,
09/03/19,,12:01:00 PM,,24.0,,,0.00,16.4,0.683,16.40,,,,,,
09/11/19,,12:01:00 PM,,192.0,,,0.00,16.4,0.085,2.05,,,,,,
09/15/19,,1375,,548,152,152,6.66,16.4,0.030,0.72,0.11,9.268,0.051,,,
09/16/19,,1396,,21,160,8,9.14,16.4,0.781,18.74,2.05,0.488,0.970,,,
09/20/19,,1507,,111,169,9,1.95,16.4,0.148,3.55,1.82,0.549,0.862,,,
09/27/19,,1670,,163,177,8,1.18,16.4,0.101,2.41,2.05,0.488,0.970,,,
09/28/19,,1697,,27,185,8,7.11,16.4,0.607,14.58,2.05,0.488,0.970,,,
09/30/19,,1734,,37,194,9,5.84,16.4,0.443,10.64,1.82,0.549,0.862,,,
10/02/19,,1794,,60,203,9,3.60,16.4,0.273,6.56,1.82,0.549,0.862,,,
10/05/19,,1863,,69,212,9,3.13,16.4,0.238,5.70,1.82,0.549,0.862,,,
10/12/19,,2019,,156,222,10,1.54,16.4,0.105,2.52,1.64,0.610,0.776,,,
10/14/19,,2082,,63,232,10,3.81,16.4,0.260,6.25,1.64,0.610,0.776,,,
10/19/19,,2201,,119,245,13,2.62,16.4,0.138,3.31,1.26,0.793,0.597,,,
10/31/19,,2491,,290,267,22,1.82,16.4,0.057,1.36,0.75,1.341,0.353,,,
11/02/19,,2536,,45,276,9,4.80,16.4,0.364,8.75,1.82,0.549,0.862,,,
11/05/19,,2609,,73,291,15,4.93,16.4,0.225,5.39,1.09,0.915,0.517,,,
11/23/19,,3044,,435,342,51,2.81,16.4,0.038,0.90,0.32,3.110,0.152,,,
05/08/20,,,,,107,107,,16.4,,,,,,,,
05/14/20,,,,1013,130,23,0.54,16.4,0.016,0.39,0.71,1.402,0.337,,,
05/16/20,,10:00:00 PM,,1060,142,12,0.27,16.4,0.015,0.37,1.37,0.732,0.646,,,
05/23/20,,09:00:00 AM,,1215,174,32,0.63,16.4,0.013,0.32,0.51,1.951,0.242,,,
05/23/20,,11:20:00 PM,,1301,183,9,0.17,16.4,0.013,0.30,1.82,0.549,0.862,,,
05/29/20,,10:03:00 PM,,1373,193,10,0.17,16.4,0.012,0.29,1.64,0.610,0.776,,,
06/03/20,,09:30:00 AM,,,6.85,6.9,,16.4,,,,,,,,
06/05/20,,07:30:00 PM,,58,13.7,6.85,2.83,16.4,0.283,6.79,2.39,0.418,1.132,,,
06/10/20,,09:16:00 AM,,179,21.7,8,1.07,16.4,0.092,2.20,2.05,0.488,0.970,,,
06/13/20,,06:30:00 AM,,236,29.2,7.5,0.76,16.4,0.069,1.67,2.19,0.457,1.034,,,
06/17/20,,06:30:00 PM,,344,36.7,7.5,0.52,16.4,0.048,1.14,2.19,0.457,1.034,,,
06/19/20,,05:30:00 PM,,391,46.1,9.4,0.58,16.4,0.042,1.01,1.74,0.573,0.825,,,
06/21/20,,10:09:00 AM,,432,57.2,11.1,0.62,16.4,0.038,0.91,1.48,0.677,0.699,,,
06/24/20,,11:00:00 PM,,517,69.5,12.3,0.57,16.4,0.032,0.76,1.33,0.750,0.631,,,
06/26/20,,10:10:00 PM,,564,80.3,10.8,0.46,16.4,0.029,0.70,1.52,0.659,0.718,,,
06/30/20,,07:35:00 AM,,61.25,7.48,7.5,2.93,16.4,0.268,6.43,2.19,0.456,1.037,,,
07/01/20,,09:55:00 PM,,99.5,18,10.5,2.54,16.4,0.165,3.96,1.56,0.641,0.737,,,
07/04/20,,10:43:00 AM,,160,29.5,11.5,1.73,16.4,0.103,2.46,1.43,0.701,0.675,,,
07/12/20,,07:14:00 PM,,361,47.6,18.1,1.20,16.4,0.045,1.09,0.91,1.104,0.429,,,
07/14/20,,12:32:00 PM,,402,56,8.4,0.50,16.4,0.041,0.98,1.95,0.512,0.923,,,
07/15/20,,07:32:00 AM,,433,64.7,8.7,0.48,16.4,0.038,0.91,1.89,0.530,0.892,,,
07/17/20,,09:56:00 PM,,483,74.5,9.8,0.49,16.4,0.034,0.81,1.67,0.598,0.792,,,
07/19/20,,09:26:00 AM,,519,84.7,10.2,0.47,16.4,0.032,0.76,1.61,0.622,0.761,,,
07/22/20,,05:03:00 PM,,598,95.3,10.6,0.43,16.4,0.027,0.66,1.55,0.646,0.732,,,
07/24/20,,03:18:00 PM,,645,104,8.7,0.32,16.4,0.025,0.61,1.89,0.530,0.892,,,
07/26/20,,09:04:00 AM,,698,115,11.0,0.38,16.4,0.023,0.56,1.49,0.671,0.705,,,
07/29/20,,02:05:00 PM,,763,125,10.0,0.31,16.4,0.021,0.52,1.64,0.610,0.776,,,
07/31/20,,04:33:00 PM,,814,135,10.0,0.29,16.4,0.020,0.48,1.64,0.610,0.776,,,
08/02/20,,06:50:00 AM,,852,145,10.0,0.28,16.4,0.019,0.46,1.64,0.610,0.776,,,
08/04/20,,09:54:00 AM,,903,157,12.0,0.32,16.4,0.018,0.44,1.37,0.732,0.646,,,
08/06/20,,10:56:00 PM,,964,170,13.0,0.32,16.4,0.017,0.41,1.26,0.793,0.597,,,
08/08/20,,03:36:00 PM,,1005,181,11.0,0.26,16.4,0.016,0.39,1.49,0.671,0.705,,,
08/10/20,,10:00:00 PM,,1059,193,12.0,0.27,16.4,0.015,0.37,1.37,0.732,0.646,,,
08/12/20,,06:16:00 PM,,1104,204,11.0,0.24,16.4,0.015,0.36,1.49,0.671,0.705,,,
08/14/20,,08:41:00 AM,,1142,215,11.0,0.23,16.4,0.014,0.34,1.49,0.671,0.705,,,
08/15/20,,08:16:00 PM,,1178,226,11.0,0.22,16.4,0.014,0.33,1.49,0.671,0.705,,,
08/18/20,,09:53:00 PM,,1251,236,10.0,0.19,16.4,0.013,0.31,1.64,0.610,0.776,,,
08/21/20,,09:26:00 AM,,1311,247,11.0,0.20,16.4,0.013,0.30,1.49,0.671,0.705,,,
08/22/20,,06:05:00 PM,,1343,257,10.0,0.18,16.4,0.012,0.29,1.64,0.610,0.776,,,
08/27/20,,11:06:00 PM,,1468,267,10.0,0.16,16.4,0.011,0.27,1.64,0.610,0.776,,,
08/29/20,,02:45:00 PM,,1508,277,10.0,0.16,16.4,0.011,0.26,1.64,0.610,0.776,,,
08/30/20,,10:43:00 AM,,1540,287,10.0,0.16,16.4,0.011,0.26,1.64,0.610,0.776,,,
09/01/20,,10:48:00 AM,,1576,297,10.0,0.15,16.4,0.010,0.25,1.64,0.610,0.776,,,
09/04/20,,02:30:00 PM,,,,24,,16.4,,,0.68,,,,,
09/05/20,,07:58:00 AM,,,,17,,16.4,,,0.96,,,,,
09/06/20,,08:56:00 AM,,24.5,7.55,7.55,7.40,16.4,0.669,16.07,2.17,0.460,1.027,,,
09/07/20,,11:09:00 AM,,51,13.1,5.6,2.63,16.4,0.322,7.72,2.93,0.341,1.388,,,
09/08/20,,01:37:00 PM,,77.5,20.6,7.5,2.31,16.4,0.212,5.08,2.20,0.455,1.040,,,
09/08/20,,10:45:00 AM,,98.5,26.2,5.6,1.36,16.4,0.166,4.00,2.93,0.341,1.385,,,
09/10/20,,12:55:00 PM,,124,34.2,8,1.55,16.4,0.132,3.17,2.05,0.488,0.970,,,
09/11/20,,07:41:00 PM,,155,39.7,5.5,0.85,16.4,0.106,2.54,2.98,0.335,1.410,,,
09/12/20,,01:50:00 PM,,161,42,7.8,1.16,16.4,0.102,2.44,2.10,0.476,0.995,,,
09/12/20,,10:57:00 PM,,182,47.3,5.3,0.70,16.4,0.090,2.16,3.09,0.323,1.464,,,
09/13/20,,09:32:00 PM,,221,52.7,5.4,0.59,16.4,0.074,1.78,3.04,0.329,1.437,,,
09/15/20,,05:24:00 PM,,249,58,5.3,0.51,16.4,0.066,1.58,3.09,0.323,1.464,,,
09/16/20,,01:15:00 PM,,269,63.6,5.6,0.50,16.4,0.061,1.46,2.93,0.341,1.385,,,
09/17/20,,10:30:00 AM,,290,70,6.4,0.53,16.4,0.057,1.36,2.56,0.390,1.212,,,
09/18/20,,,,317,75.7,5.7,0.43,16.4,0.052,1.24,2.88,0.348,1.361,,,
09/20/20,,07:47:00 PM,,371,85,9.3,0.60,16.4,0.044,1.06,1.76,0.567,0.834,,,
09/22/20,,06:31:00 PM,,418,92.6,7.6,0.44,16.4,0.039,0.94,2.16,0.463,1.021,,,
09/24/20,,05:07:00 PM,,464,100,7.4,0.38,16.4,0.035,0.85,2.22,0.451,1.048,,,
09/25/20,,01:20:00 PM,,485,104,4,0.20,16.4,0.034,0.81,4.10,0.244,1.939,,,
09/27/20,,11:12:00 AM,,531,111,7,0.32,16.4,0.031,0.74,2.34,0.427,1.108,,,
09/28/20,,01:08:00 AM,,556,116,5,0.22,16.4,0.029,0.71,3.28,0.305,1.551,,,
09/30/20,,08:54:00 AM,,600,122,6,0.24,16.4,0.027,0.66,2.73,0.366,1.293,,,
10/05/20,,12:03:00 PM,,723,128,6,0.20,16.4,0.023,0.54,2.73,0.366,1.293,,,
10/10/20,,10:00:00 AM,,831,134,6,0.17,16.4,0.020,0.47,2.73,0.366,1.293,,,
10/11/20,,05:00:00 PM,,872,141,7,0.19,16.4,0.019,0.45,2.34,0.427,1.108,,,
10/13/20,,05:30:00 PM,,921,147,6,0.16,16.4,0.018,0.43,2.73,0.366,1.293,,,
10/15/20,,08:27:00 PM,,972,154,7,0.17,16.4,0.017,0.40,2.34,0.427,1.108,,,
10/18/20,,03:30:00 PM,,1039,161,7,0.16,16.4,0.016,0.38,2.34,0.427,1.108,,,
10/21/20,,10:165pm,,1118,169,8,0.17,16.4,0.015,0.35,2.05,0.488,0.970,,,
10/24/20,,,,1282,180,11,0.21,16.4,0.013,0.31,1.49,0.671,0.705,,,
10/28/20,,11:07:00 AM,,1286,190,10,0.19,16.4,0.013,0.31,1.64,0.610,0.776,,,
10/30/20,,07:31:00 PM,,1331,197,7,0.13,16.4,0.012,0.30,2.34,0.427,1.108,,,
11/01/20,,01:03:00 PM,,1373,204,7,0.12,16.4,0.012,0.29,2.34,0.427,1.108,,,
11/03/20,,02:50:00 PM,,1446,212,8,0.13,16.4,0.011,0.27,2.05,0.488,0.970,,,
11/07/20,,02:50:00 PM,,1519,221,9,0.14,16.4,0.011,0.26,1.82,0.549,0.862,,,
11/11/20,,02:13:00 AM,,1615,228,7,0.10,16.4,0.010,0.24,2.34,0.427,1.108,,,
11/12/20,,07:18:00 PM,,1644,234,6,0.09,16.4,0.010,0.24,2.73,0.366,1.293,,,
11/13/20,,10:24:00 PM,,1671,240,6,0.09,16.4,0.010,0.24,2.73,0.366,1.293,,,
11/16/20,,09:42:00 AM,,1742,248,8,0.11,16.4,0.009,0.23,2.05,0.488,0.970,,,
11/20/20,,12:46:00 PM,,1829,257,9,0.12,16.4,0.009,0.22,1.82,0.549,0.862,,,
11/22/20,,09:00:00 PM,,1885,266,9,0.11,16.4,0.009,0.21,1.82,0.549,0.862,,,
11/25/20,,06:00:00 PM,,1954,276,10,0.12,16.4,0.008,0.20,1.64,0.610,0.776,,,
11/27/20,,10:00:00 PM,,2006,285,9,0.11,16.4,0.008,0.20,1.82,0.549,0.862,,,
04/30/21,,,,,4.9,4.9,,16.4,,,3.35,,1.583,,,
05/03/21,,,,,12.4,7.5,,16.4,,,2.19,,1.034,,,
05/07/21,,,,,19.83,7.43,,16.4,,,2.21,,1.044,,,
05/15/21,,,,,28.2,8.37,,16.4,,,1.96,,0.927,,,
05/19/21,,,,,37,8.8,,16.4,,,1.86,,0.882,,,
05/21/21,,,,,44.3,7.3,,16.4,,,2.25,,1.063,,,
05/23/21,,,,,51.1,6.8,,16.4,,,2.41,,1.141,,,
05/24/21,,,,,57.2,6.1,,16.4,,,2.69,,1.272,,,
05/26/21,,,,,63.5,6.3,,16.4,,,2.60,,1.231,,,
05/27/21,,,,,68.9,5.4,,16.4,,,3.04,,1.437,,,
05/30/21,,,,,87.43,18.53,,16.4,,,0.89,,0.419,,,
06/03/21,,,,,95.2,7.77,,16.4,,,2.11,,0.998,,,
06/04/21,,,,,99.7,4.5,,16.4,,,3.64,,1.724,,,
06/08/21,,,,,104,4.3,,16.4,,,3.81,,1.804,,,
06/11/21,,,,,108,4,,16.4,,,4.10,,1.939,,,
06/12/21,,,,,113,5,,16.4,,,3.28,,1.551,,,
06/13/21,,,,,117,4,,16.4,,,4.10,,1.939,,,
06/14/21,,,,,122,5,,16.4,,,3.28,,1.551,,,
06/16/21,,,,,127,5,,16.4,,,3.28,,1.551,,,
06/17/21,,,,,6.83,6.83,,16.4,,,2.40,,1.136,,,
06/19/21,,,,,13.15,6.32,,16.4,,,2.59,,1.227,,,
06/20/21,,,,,19,5.85,,16.4,,,2.80,,1.326,,,
06/22/21,,,,,24.4,5.4,,16.4,,,3.04,,1.437,,,
06/24/21,,,,,31.6,7.2,,16.4,,,2.28,,1.077,,,
06/29/21,,,,,40,8.4,,16.4,,,1.95,,0.923,,,
06/30/21,,,,,45.3,5.3,,16.4,,,3.09,,1.464,,,
07/02/21,,,,,50.6,5.3,,16.4,,,3.09,,1.464,,,
07/05/21,,,,,52.6,2,,16.4,,,8.20,,,,,3.8786
07/07/21,,,,,62.2,9.6,,16.4,,,1.71,,0.808,,,
07/08/21,,,,,66.5,4.3,,16.4,,,3.81,,1.804,,,
07/09/21,,,,,71,4.5,,16.4,,,3.64,,1.724,,,
07/10/21,,,,,75.8,4.8,,16.4,,,3.42,,1.616,,,
07/11/21,,,,,80.1,4.3,,16.4,,,3.81,,1.804,,,
07/13/21,,,,,84.7,4.6,,16.4,,,3.57,,1.686,,,
07/15/21,,,,,88.6,3.9,,16.4,,,4.21,,1.989,,,
07/16/21,,,,,93,4.4,,16.4,,,3.73,,1.763,,,
07/17/21,,,,,97.4,4.4,,16.4,,,3.73,,1.763,,,
07/18/21,,,,,101,3.6,,16.4,,,4.56,,2.155,,,
07/18/21,,,,,4.11,4.11,,16.4,,,3.99,,1.887,,,
07/21/21,,,,,8.69,4.58,,16.4,,,3.58,,1.694,,,
07/21/21,,,,,12.6,3.91,,16.4,,,4.19,,1.984,,,
07/23/21,,,,,16.8,4.2,,16.4,,,3.90,,1.847,,,
07/24/21,,,,,21.2,4.4,,16.4,,,3.73,,1.763,,,
07/24/21,,,,,25.9,4.7,,16.4,,,3.49,,1.650,,,
07/25/21,,,,,30.4,4.5,,16.4,,,3.64,,1.724,,,
07/27/21,,,,,34.6,4.2,,16.4,,,3.90,,1.847,,,
07/27/21,,,,,38.7,4.1,,16.4,,,4.00,,1.892,,,
07/28/21,,,,,43.2,4.5,,16.4,,,3.64,,1.724,,,
07/28/21,,,,,47.8,4.6,,16.4,,,3.57,,1.686,,,
07/29/21,,,,,52.6,4.8,,16.4,,,3.42,,1.616,,,
08/02/21,,,,,57.2,4.6,,16.4,,,3.57,,1.686,,,
08/03/21,,,,,61.5,4.3,,16.4,,,3.81,,1.804,,,
08/04/21,,,,,66,4.5,,16.4,,,3.64,,1.724,,,
08/04/21,,,,,70.4,4.4,,16.4,,,3.73,,1.763,,,
08/05/21,,,,,75.1,4.7,,16.4,,,3.49,,1.650,,,
08/06/21,,,,,79.9,4.8,,16.4,,,3.42,,1.616,,,
08/06/21,,,,,84.3,4.4,,16.4,,,3.73,,1.763,,,
08/07/21,,,,,89.1,4.8,,16.4,,,3.42,,1.616,,,
08/08/21,,,,,93.7,4.6,,16.4,,,3.57,,1.686,,,
08/10/21,,,,,99.3,5.6,,16.4,,,2.93,,1.385,,,
08/10/21,,,,,102,2.7,,16.4,,,6.07,,2.873,,,
08/11/21,,,,,107,5,,16.4,,,3.28,,1.551,,,
08/12/21,,,,,4.9,4.9,,16.4,,,3.35,,1.583,,,
08/14/21,,,,,9.5,4.6,,16.4,,,3.57,,1.686,,,
08/15/21,,,,,13.9,4.4,,16.4,,,3.73,,1.763,,,
08/16/21,,,,,18.2,4.3,,16.4,,,3.81,,1.804,,,
08/16/21,,,,,22.4,4.2,,16.4,,,3.90,,1.847,,,
08/17/21,,,,,26.8,4.4,,16.4,,,3.73,,1.763,,,
08/17/21,,,,,30.6,3.8,,16.4,,,4.32,,2.041,,,Â¾ full
08/21/21,,,,,35.3,4.7,,16.4,,,3.49,,1.650,,,
08/22/21,,,,,39.3,4,,16.4,,,4.10,,1.939,,,
08/23/21,,,,,43.3,4,,16.4,,,4.10,,1.939,,,
08/24/21,,,,,47.6,4.3,,16.4,,,3.81,,1.804,,,
08/24/21,,,,,51.9,4.3,,16.4,,,3.81,,1.804,,,
08/25/21,,,,,55.9,4,,16.4,,,4.10,,1.939,,,
08/26/21,,,,,60.3,4.4,,16.4,,,3.73,,1.763,,,
08/27/21,,,,,64.6,4.3,,16.4,,,3.81,,1.804,,,
08/27/21,,,,,69.1,4.5,,16.4,,,3.64,,1.724,,,
08/28/21,,,,,73.3,4.2,,16.4,,,3.90,,1.847,,,
08/30/21,,,,,77.6,4.3,,16.4,,,3.81,,1.804,,,
08/30/21,,,,,81.6,4,,16.4,,,4.10,,1.939,,,
08/31/21,,,,,85.4,3.8,,16.4,,,4.32,,2.041,,,
09/01/21,,,,,89.5,4.1,,16.4,,,4.00,,1.892,,,
09/01/21,,,,,93.4,3.9,,16.4,,,4.21,,1.989,,,
09/02/21,,,,,97.4,4,,16.4,,,4.10,,1.939,,,
09/03/21,,,,,101,3.6,,16.4,,,4.56,,2.155,,,
09/04/21,,,,,5.1,5.1,,16.4,,,3.22,,1.521,,,
09/05/21,,,,,9.8,4.7,,16.4,,,3.49,,1.650,,,
09/05/21,,,,,14.5,4.7,,16.4,,,3.49,,1.650,,,
09/06/21,,,,,19.5,5,,16.4,,,3.28,,1.551,,,
09/07/21,,,,,23.8,4.3,,16.4,,,3.81,,1.804,,,
09/07/21,,,,,28.4,4.6,,16.4,,,3.57,,1.686,,,
09/08/21,,,,,33.1,4.7,,16.4,,,3.49,,1.650,,,
09/09/21,,,,,37.3,4.2,,16.4,,,3.90,,1.847,,,
09/09/21,,,,,41.5,4.2,,16.4,,,3.90,,1.847,,,
09/10/21,,,,,46,4.5,,16.4,,,3.64,,1.724,,,
09/11/21,,,,,50.7,4.7,,16.4,,,3.49,,1.650,,,
09/12/21,,,,,4.8,4.8,,16.4,,,3.42,,1.616,,,power?
09/13/21,,,,,9.4,4.6,,16.4,,,3.57,,1.686,,,
09/14/21,,,,,13.6,4.2,,16.4,,,3.90,,1.847,,,
09/15/21,,,,,17.5,3.9,,16.4,,,4.21,,1.989,,,
09/16/21,,,,,21.6,4.1,,16.4,,,4.00,,1.892,,,
09/16/21,,,,,25.6,4,,16.4,,,4.10,,1.939,,,
09/17/21,,,,,29.8,4.2,,16.4,,,3.90,,1.847,,,
09/18/21,,,,,33.5,3.7,,16.4,,,4.43,,2.097,,,
09/19/21,,,,,36.9,3.4,,16.4,,,4.82,,2.282,,,
09/19/21,,,,,40.6,3.7,,16.4,,,4.43,,2.097,,,
09/20/21,,,,,44.85,4.25,,16.4,,,3.86,,1.825,,,? 
09/20/21,,,,,49.1,4.25,,16.4,,,3.86,,1.825,,,
09/21/21,,,,,53.5,4.4,,16.4,,,3.73,,1.763,,,
09/21/21,,,,,62.6,9.1,,16.4,,,1.80,,0.852,,,
09/22/21,,,,,67.2,4.6,,16.4,,,3.57,,1.686,,,
09/23/21,,,,,73,5.8,,16.4,,,2.83,,1.337,,,
09/25/21,,,,,80.33,7.33,,16.4,,,2.24,,1.058,,,
09/27/21,,,,,85,4.67,,16.4,,,3.51,,1.661,,,
09/29/21,,,,,91.3,6.3,,16.4,,,2.60,,1.231,,,
09/30/21,,,,,96.4,5.1,,16.4,,,3.22,,1.521,,,
10/01/21,,,,,102,5.6,,16.4,,,2.93,,1.385,,,
10/03/21,,,,,6.1,6.1,,16.4,,,2.69,,1.272,,,
10/03/21,,,,,10.8,4.7,,16.4,,,3.49,,1.650,,,
10/04/21,,,,,16.3,5.5,,16.4,,,2.98,,1.410,,,
10/06/21,,,,,21.1,4.8,,16.4,,,3.42,,1.616,,,
10/07/21,,,,,25.1,4,,16.4,,,4.10,,1.939,,,
10/08/21,,,,,37.7,12.6,,16.4,,,1.30,,0.616,,,
10/09/21,,,,,41.9,4.2,,16.4,,,3.90,,1.847,,,
10/11/21,,,,,51,9.1,,16.4,,,1.80,,0.852,,,
10/12/21,,,,,55.3,4.3,,16.4,,,3.81,,1.804,,,
10/13/21,,,,,59.7,4.4,,16.4,,,3.73,,1.763,,,
10/14/21,,,,,63.8,4.1,,16.4,,,4.00,,1.892,,,
10/16/21,,,,,68.2,4.4,,16.4,,,3.73,,1.763,,,
10/16/21,,,,,71.8,3.6,,16.4,,,4.56,,2.155,,,
10/18/21,,,,,76.2,4.4,,16.4,,,3.73,,1.763,,,
10/23/21,,,,,83,6.8,,16.4,,,2.41,,1.141,,,
10/29/21,,,,,88.4,5.4,,16.4,,,3.04,,1.437,,,
11/02/21,,,,,5.1,5.1,,16.4,,,3.22,,1.521,,,
11/28/21,,,,,3.9,3.9,,16.4,,,4.21,,1.989,,,gap
05/15/22,,,,,,,,16.4,,,,,,,,
05/16/22,,,,,,,,16.4,,,,,,,,
05/17/22,,,,,,,,16.4,,,,,,,,
05/18/22,,,,,,,,16.4,,,,,,,,
05/19/22,,,,,,,,16.4,,,,,,,,
05/20/22,,,,,21.9,21.9,,16.4,,,0.75,,0.354,,,
05/21/22,,,,,26.11,4.21,,16.4,,,3.90,,1.843,,,
05/22/22,,,,,31.3,5.19,,16.4,,,3.16,,1.495,,,
05/25/22,,,,,36.5,5.2,,16.4,,,3.15,,1.492,,,
05/26/22,,,,,42.3,5.8,,16.4,,,2.83,,1.337,,,
05/27/22,,,,,47.2,4.9,,16.4,,,3.35,,1.583,,,
05/28/22,,,,,51.4,4.2,,16.4,,,3.90,,1.847,,,
05/28/22,,,,,55.8,4.4,,16.4,,,3.73,,1.763,,,
05/31/22,,,,,61.1,5.3,,16.4,,,3.09,,1.464,,,
06/01/22,,,,,66.2,5.1,,16.4,,,3.22,,1.521,,,
06/01/22,,,,,71.1,4.9,,16.4,,,3.35,,1.583,,,
06/02/22,,,,,76.3,5.2,,16.4,,,3.15,,1.492,,,
06/03/22,,,,,81.3,5,,16.4,,,3.28,,1.551,,,
06/03/22,,,,,86.5,5.2,,16.4,,,3.15,,1.492,,,
06/04/22,,,,,92.1,5.6,,16.4,,,2.93,,1.385,,,
06/05/22,,,,,98,5.9,,16.4,,,2.78,,1.315,,,
06/03/22,,,,,103.8,5.8,,16.4,,,2.83,,1.337,,,
06/07/22,,,,,109.6,5.8,,16.4,,,2.83,,1.337,,,
06/08/22,,,,,114.9,5.3,,16.4,,,3.09,,1.464,,,
06/09/22,,,,,119.9,5,,16.4,,,3.28,,1.551,,,
06/09/22,,,,,124.9,5,,16.4,,,3.28,,1.551,,,
06/10/22,,,,,,5.55,,16.4,,,2.95,,1.398,,,
06/11/22,,,,,136,5.55,,16.4,,,2.95,,1.398,,,
06/12/22,,,,,141.2,5.2,,16.4,,,3.15,,1.492,,,
06/13/22,,,,,146.3,5.1,,16.4,,,3.22,,1.521,,,
06/13/22,,,,,150.9,4.6,,16.4,,,3.57,,1.686,,,
06/14/22,,,,,155.5,4.6,,16.4,,,3.57,,1.686,,,
06/15/22,,,,,160,4.5,,16.4,,,3.64,,1.724,,,
06/16/22,,,,,164.6,4.6,,16.4,,,3.57,,1.686,,,
06/16/22,,,,,168.8,4.2,,16.4,,,3.90,,1.847,,,
06/17/22,,11,,,173.3,4.5,,16.4,,,3.64,,1.724,,,
06/18/22,,9,,,178.2,4.9,,16.4,,,3.35,,1.583,,,
06/19/22,,9,,,182.4,4.2,,16.4,,,3.90,,1.847,,,
06/21/22,,,,,189.2,6.8,,16.4,,,2.41,,1.141,,,
06/22/22,,,,,194,4.8,,16.4,,,3.42,,1.616,,,
06/23/22,,8,,,199,5,,16.4,,,3.28,,1.551,,,
06/23/22,,11,,,203.7,4.7,,16.4,,,3.49,,1.650,,,
06/24/22,,11,,,208.7,5,,16.4,,,3.28,,1.551,,,
06/25/22,,12,,,213.4,4.7,,16.4,,,3.49,,1.650,,,
06/25/22,,23,,,217.9,4.5,,16.4,,,3.64,,1.724,,,
06/26/22,,23,,,,4.45,,16.4,,,3.69,,1.743,,,
06/27/22,,12,,,226.8,8.9,,16.4,,,1.84,,0.872,,,
06/27/22,,23,,,231,4.2,,16.4,,,3.90,,1.847,,,
06/28/22,,23,,,,4.9,,16.4,,,3.35,,1.583,,,
06/29/22,,23,,,240.8,240.8,,16.4,,,0.07,,0.032,,,
06/30/22,,9,,,245.3,4.5,,16.4,,,3.64,,1.724,,,
07/01/22,,6,,,250.2,4.9,,16.4,,,3.35,,1.583,,,
07/01/22,,8,,,,4.5,,16.4,,,3.64,,1.724,,,
07/02/22,,23,,,259.2,4.5,,16.4,,,3.64,,1.724,,,
07/03/22,,15,,,263.4,4.2,,16.4,,,3.90,,1.847,,,
07/04/22,,9,,,267.5,4.1,,16.4,,,4.00,,1.892,,,
07/04/22,,11,,,271.8,4.3,,16.4,,,3.81,,1.804,,,
07/05/22,,9,,,276.2,4.4,,16.4,,,3.73,,1.763,,,
07/05/22,,23,,,280.5,4.3,,16.4,,,3.81,,1.804,,,
07/06/22,,7,,,,,,16.4,,,,,,,,
07/06/22,,22,,,289,8.5,,16.4,,,1.93,,0.913,,,
07/07/22,,9,,,293.4,4.4,,16.4,,,3.73,,1.763,,,
07/07/22,,11,,,297.8,4.4,,16.4,,,3.73,,1.763,,,
07/08/22,,9,,,302.1,4.3,,16.4,,,3.81,,1.804,,,
07/08/22,,22,,,306.5,4.4,,16.4,,,3.73,,1.763,,,
07/09/22,,10,,,310.8,4.3,,16.4,,,3.81,,1.804,,,
07/30/22,,16,,,503,9.152380952,,16.4,,,1.79,,0.848,,,
08/06/22,,10,,,597,13.42857143,,16.4,,,1.22,,0.578,,,
08/10/22,,8,,,,,,16.4,,,,,,,,
08/24/22,,11,,,726,7.166666667,,16.4,,,2.29,,1.082,,,
08/25/22,,21,,,730.8,4.8,,16.4,,,3.42,,1.616,,,
08/26/22,,10,,,735.1,4.3,,16.4,,,3.81,,1.804,,,
08/27/22,,8,,,739.7,4.6,,16.4,,,3.57,,1.686,,,
08/27/22,,11,,,744,4.3,,16.4,,,3.81,,1.804,,,
08/28/22,,8,,,748.2,4.2,,16.4,,,3.90,,1.847,,,
08/29/22,,7,,,752.7,4.5,,16.4,,,3.64,,1.724,,,
08/29/22,,22,,,757,4.3,,16.4,,,3.81,,1.804,,,
08/30/22,,20,,,761.2,4.2,,16.4,,,3.90,,1.847,,,
08/31/22,,7,,,765.4,4.2,,16.4,,,3.90,,1.847,,,
08/31/22,,23,,,769.7,4.3,,16.4,,,3.81,,1.804,,,
09/01/22,,10,,,774.3,4.6,,16.4,,,3.57,,1.686,,,
09/02/22,,9,,,779,4.7,,16.4,,,3.49,,1.650,,,
09/03/22,,8,,,783.5,4.5,,16.4,,,3.64,,1.724,,,
09/04/22,,8,,,787.8,4.3,,16.4,,,3.81,,1.804,,,
09/05/22,,9,,,792.3,4.5,,16.4,,,3.64,,1.724,,,
09/06/22,,7,,,796.7,4.4,,16.4,,,3.73,,1.763,,,Moved to util room ???
09/06/22,,22,,,801,4.3,,16.4,,,3.81,,1.804,,,
09/07/22,,6.5,,,805.3,4.3,,16.4,,,3.81,,1.804,,,
09/07/22,,20,,,809.6,4.3,,16.4,,,3.81,,1.804,,,fan low = 70w
09/08/22,,14,,,814,4.4,,16.4,,,3.73,,1.763,,,+= 40
09/09/22,,23,,,818.8,4.8,,16.4,,,3.42,,1.616,,,Dag 107; ping pong room auto drain
09/11/22,,8,,,823.6,4.8,,16.4,,,3.42,,1.616,,,
09/11/22,,19,,,827.8,4.2,,16.4,,,3.90,,1.847,,,
09/12/22,,8,,,832.4,4.6,,16.4,,,3.57,,1.686,,,
09/12/22,,23,,,836.6,4.2,,16.4,,,3.90,,1.847,,,
09/13/22,,12,,,841.1,4.5,,16.4,,,3.64,,1.724,,,
09/14/22,,23,,,845.6,4.5,,16.4,,,3.64,,1.724,,,
09/15/22,,23,,,850.5,4.9,,16.4,,,3.35,,1.583,,,
09/16/22,,22,,,855.7,5.2,,16.4,,,3.15,,1.492,,,
09/17/22,,23,,,860.9,5.2,,16.4,,,3.15,,1.492,,,
09/18/22,,22,,,866,5.1,,16.4,,,3.22,,1.521,,,
09/20/22,,7,,,870.7,4.7,,16.4,,,3.49,,1.650,,,
09/20/22,,22,,,875.2,4.5,,16.4,,,3.64,,1.724,,,
09/21/22,,23,,,880.4,5.2,,16.4,,,3.15,,1.492,,,
09/22/22,,13,,,885,4.6,,16.4,,,3.57,,1.686,,,
09/23/22,,22,,,890.4,5.4,,16.4,,,3.04,,1.437,,,
09/24/22,,15,,,897.7,7.3,,16.4,,,2.25,,1.063,,,
09/30/22,,11,,,904.2,6.5,,16.4,,,2.52,,1.193,,,
10/02/22,,20,,,912,7.8,,16.4,,,2.10,,0.995,,,
10/04/22,,22.5,,,919.3,7.3,,16.4,,,2.25,,1.063,,,
10/05/22,,23,,,927.5,8.2,,16.4,,,2.00,,0.946,,,
10/06/22,,18,,,935.4,7.9,,16.4,,,2.08,,0.982,,,
10/09/22,,6,,,942.9,7.5,,16.4,,,2.19,,1.034,,,
10/13/22,,8,,,952.3,9.4,,16.4,,,1.74,,0.825,,,
10/14/22,,10,,,959.9,7.6,,16.4,,,2.16,,1.021,,,
10/15/22,,21,,,967.2,7.3,,16.4,,,2.25,,1.063,,,
10/17/22,,23,,,975,7.8,,16.4,,,2.10,,0.995,,,
10/18/22,,23,,,983.1,8.1,,16.4,,,2.02,,0.958,,,
10/24/22,,7,,,993,9.9,,16.4,,,1.66,,0.784,,,
10/28/22,,9,,,1000,7,,16.4,,,2.34,,1.108,,,
10/30/22,,11,,,1009,9,,16.4,,,1.82,,0.862,,,
11/03/22,,9,,,,,,16.4,,,,,,,,
11/04/22,,7,,,15.4,15.4,,16.4,,,1.06,,0.504,,,
11/10/22,,,,,23.3,7.9,,16.4,,,2.08,,0.982,,,
11/11/22,,,,,31,7.7,,16.4,,,2.13,,1.007,,,
11/12/22,,23,,,37.3,6.3,,16.4,,,2.60,,1.231,,,
11/14/22,,9,,,44.7,7.4,,16.4,,,2.22,,1.048,,,
11/18/22,,7,,,55.5,10.8,,16.4,,,1.52,,0.718,,,
05/06/23,,8,,,73,73,,16.4,,,0.22,,0.106,,,
05/08/23,,4,,,80.9,7.9,,16.4,,,2.08,,0.982,,,
05/13/23,,3,,,87.3,6.4,,16.4,,,2.56,,1.212,,,
05/14/23,,21,,,93.2,5.9,,16.4,,,2.78,,1.315,,,
05/15/23,,18,,,100.1,6.9,,16.4,,,2.38,,1.124,,,
05/17/23,,21,,,107.6,7.5,,16.4,,,2.19,,1.034,,,
05/21/23,,11,,,115.7,8.1,,16.4,,,2.02,,0.958,,,
05/25/23,,9,,,122.7,7,,16.4,,,2.34,,1.108,,,
05/27/23,,11,,,130.5,7.8,,16.4,,,2.10,,0.995,,,
05/29/23,,20,,,139.1,8.6,,16.4,,,1.91,,0.902,,,
05/30/23,,22,,,144.5,5.4,,16.4,,,3.04,,1.437,,,
06/02/23,,20,,,151,6.5,,16.4,,,2.52,,1.193,,,
06/03/23,,14,,,156.5,5.5,,16.4,,,2.98,,1.410,,,
06/08/23,,21,,,162.1,5.6,,16.4,,,2.93,,1.385,,,
06/09/23,,22,,,168.8,6.7,,16.4,,,2.45,,1.158,,,? 
06/13/23,,22,,,181.3,12.5,,16.4,,,1.31,,0.621,,,"New Dehum; Fan 83,69,63; WFFAD5033WIO; SN: KN24201570; Fan low 50% 12h; bucket tal 1327g"
06/16/23,,22,,,199.2,17.9,,16.4,,,0.92,,0.433,,,
06/18/23,,23.5,,,206.9,7.7,,16.4,,,2.13,,1.007,,,
06/22/23,,19,,,225.2,18.3,,16.4,,,0.90,,0.424,,,
06/27/23,,10,,,236.2,11,,16.4,,,1.49,,0.705,,,
06/28/23,,13,,,242.8,6.6,,16.4,,,2.48,,1.175,,,
06/29/23,,21,,,250.7,7.9,,16.4,,,2.08,,0.982,,,
07/01/23,,10,,,260.2,9.5,,16.4,,,1.73,,0.817,,,
07/02/23,,10,,,268.5,8.3,,16.4,,,1.98,,0.935,,,
07/03/23,,14,,,277.3,8.8,,16.4,,,1.86,,0.881,,,
07/04/23,,12,,,284.6,7.3,,16.4,,,2.25,,1.063,,,
07/05/23,,11,,,291.9,7.3,,16.4,,,2.25,,1.063,,,
07/06/23,,10,,,299.3,7.4,,16.4,,,2.22,,1.048,,,
07/07/23,,21,,,307.9,8.6,,16.4,,,1.91,,0.902,,,
07/08/23,,20,,,315.8,7.9,,16.4,,,2.08,,0.982,,,
07/10/23,,11,,,324.3,8.5,,16.4,,,1.93,,0.913,,,
07/11/23,,9,,,332.4,8.1,,16.4,,,2.02,,0.958,,,
07/13/23,,20,,,340.2,7.8,,16.4,,,2.10,,0.995,,,